name,movie_name,_merge,name_error,error
10 Things I Hate About You,10 Things I Hate About You,both,,
12,,left_only,,
12 Monkeys,12 Monkeys,both,,
12 Years a Slave,12 Years a Slave,both,,
12 and Holding,,left_only,,
127 Hours,,left_only,,
1492: Conquest of Paradise,,left_only,,
15 Minutes,15 Minutes,both,,
17 Again,,left_only,,
187,,left_only,,
2001: A Space Odyssey,2001: A Space Odyssey,both,,
2012,,left_only,,
20th Century Women,,left_only,,
25th Hour,25th Hour,both,,
28 Days Later,,left_only,,
30 Minutes or Less,,left_only,,
42,,left_only,,
44 Inch Chest,,left_only,,
48 Hrs.,,left_only,,
50-50,,left_only,,
500 Days of Summer,,left_only,,
8 Mile,,left_only,8 Mile,HTML len = 0 : no content scrapped
8MM,,left_only,,
9,,left_only,,
A Few Good Men,,left_only,,
A Good Person,,left_only,,
A Million Miles Away,,left_only,,
A Most Violent Year,A Most Violent Year,both,,
A Prayer Before Dawn,,left_only,,
A Quiet Place,,left_only,,
A Real Pain,,left_only,,
A Scanner Darkly,,left_only,,
A Serious Man,,left_only,,
A.I.,,left_only,A.I.,"Webstatus : 404
"
Above the Law,Above the Law,both,,
Absolute Power,Absolute Power,both,,
Ace Ventura: Pet Detective,Ace Ventura: Pet Detective,both,,
Ad Astra,,left_only,,
Adaptation,Adaptation,both,,
Affliction,Affliction,both,,
After School Special,,left_only,,
After.Life,,left_only,,
Agnes of God,,left_only,,
Air,,left_only,,
Air Force One,,left_only,,
Airplane,,left_only,,
Airplane 2: The Sequel,,left_only,,
Aladdin,,left_only,,
Ali,Ali,both,,
Alien,Alien,both,,
Alien 3,,left_only,,
Alien Nation,Alien Nation,both,,
Alien vs. Predator,Alien vs. Predator,both,,
Alien: Resurrection,,left_only,,
Aliens,Aliens,both,,
All About Eve,All About Eve,both,,
All About Steve,,left_only,,
All of Us Strangers,,left_only,,
All the King's Men,,left_only,,
All the President's Men,,left_only,,
Almost Famous,Almost Famous,both,,
Alone in the Dark,,left_only,,
Amadeus,Amadeus,both,,
Amelia,,left_only,,
American Beauty,American Beauty,both,,
American Fiction,,left_only,,
American Gangster,,left_only,,
American Graffiti,American Graffiti,both,,
American History X,,left_only,,
American Hustle,,left_only,,
American Madness,American Madness,both,,
American Milkshake,,left_only,,
American Outlaws,American Outlaws,both,,
American Pie,American Pie,both,,
American Psycho,American Psycho,both,,
American Shaolin: King of Kickboxers II,,left_only,,
American Sniper,,left_only,,
American Splendor,American Splendor,both,,
American Werewolf in London,,left_only,,
Amour,,left_only,,
An Education,,left_only,,
Analyze That,,left_only,,
Analyze This,,left_only,,
Anastasia,,left_only,,
Angel Eyes,Angel Eyes,both,,
Angels & Demons,,left_only,Angels & Demons,HTML len = 0 : no content scrapped
Anna Karenina,,left_only,,
Annie Hall,Annie Hall,both,,
Anonymous,,left_only,,
Anora,,left_only,,
Antitrust,Antitrust,both,,
Antz,Antz,both,,
Apocalypse Now,Apocalypse Now,both,,
Apollo 13,,left_only,Apollo 13,HTML len = 0 : no content scrapped
April Fool's Day,,left_only,,
Apt Pupil,Apt Pupil,both,,
Arbitrage,,left_only,,
Arcade,,left_only,,
Arctic Blue,,left_only,,
Argo,,left_only,,
Armageddon,,left_only,,
Army of Darkness,,left_only,,
Arsenic and Old Lace,,left_only,,
Arthur,,left_only,,
As Good As It Gets,As Good As It Gets,both,,
Assassins,Assassins,both,,
Asteroid City,,left_only,,
At First Sight,At First Sight,both,,
August: Osage County,,left_only,,
Austin Powers - International Man of Mystery,,left_only,,
Austin Powers - The Spy Who Shagged Me,,left_only,,
Authors Anonymous,,left_only,,
Autumn in New York,,left_only,,
Avatar,,left_only,,
Avengers: Endgame,,left_only,,
"Avventura, L' (The Adventure)",,left_only,,
Awakenings,Awakenings,both,,
Babel,Babel,both,,
Bachelor Party,Bachelor Party,both,,
Back to the Future,,left_only,Back to the Future,HTML len = 0 : no content scrapped
Back to the Future II & III,,left_only,Back to the Future II & III,HTML len = 0 : no content scrapped
Backdraft,Backdraft,both,,
Bad Boys,Bad Boys,both,,
Bad Country,,left_only,,
Bad Day at Black Rock,,left_only,,
Bad Dreams,,left_only,,
Bad Lieutenant,Bad Lieutenant,both,,
Bad Santa,Bad Santa,both,,
Bad Teacher,,left_only,,
Badlands,Badlands,both,,
Bamboozled,,left_only,,
Barbie,,left_only,,
Barry Lyndon,Barry Lyndon,both,,
Barton Fink,Barton Fink,both,,
Basic,Basic,both,,
Basic Instinct,Basic Instinct,both,,
Basquiat,,left_only,,
Batman,Batman,both,,
Batman 2,,left_only,,
Batman Begins,Batman Begins,both,Batman Begins,"Webstatus : 404
"
Batman Forever,Batman Forever,both,Batman Forever,"Webstatus : 404
"
Batman Returns,Batman Returns,both,Batman Returns,"Webstatus : 404
"
Batman and Robin,,left_only,Batman and Robin,"Webstatus : 404
"
Battle: Los Angeles,,left_only,,
Bean,,left_only,,
Beasts of No Nation,,left_only,,
Beasts of the Southern Wild,,left_only,,
Beauty and the Beast,,left_only,,
Beavis and Butt-head Do America,Beavis and Butt-head Do America,both,,
Beginners,,left_only,,
Being Human,Being Human,both,,
Being John Malkovich,Being John Malkovich,both,,
Being There,Being There,both,,
Being the Ricardos,,left_only,,
Belle,Belle,both,,
Beloved,Beloved,both,,
Benny & Joon,,left_only,Benny & Joon,HTML len = 0 : no content scrapped
Big,,left_only,,
Big Eyes,Big Eyes,both,,
Big Fish,,left_only,,
Birdman,Birdman,both,,
Birthday Girl,Birthday Girl,both,,
BlacKkKlansman,,left_only,,
Black Panther,,left_only,,
Black Rain,Black Rain,both,,
Black Snake Moan,Black Snake Moan,both,,
Black Swan,,left_only,,
Blackberry,,left_only,,
Blade,Blade,both,,
Blade II,Blade II,both,,
Blade Runner,Blade Runner,both,,
Blade: Trinity,,left_only,,
Blink Twice,,left_only,,
Blitz,,left_only,,
Blood Simple,Blood Simple,both,,
Blood and Wine,,left_only,,
Blow,Blow,both,,
Blue Valentine,,left_only,,
Blue Velvet,Blue Velvet,both,,
"Bodies, Rest & Motion","Bodies, Rest & Motion",both,"Bodies, Rest & Motion",HTML len = 0 : no content scrapped
Body Heat,Body Heat,both,,
Body of Evidence,Body of Evidence,both,,
Bodyguard,,left_only,,
Bones,Bones,both,,
Bonfire of the Vanities,Bonfire of the Vanities,both,,
Bonnie and Clyde,,left_only,,
Boogie Nights,,left_only,,
Bookworm,,left_only,,
Boondock Saints 2: All Saints Day,,left_only,,
Bottle Rocket,Bottle Rocket,both,,
Bound,Bound,both,,
Boyhood,Boyhood,both,,
Braveheart,Braveheart,both,,
Brazil,Brazil,both,,
Break,Break,both,,
Breakdown,Breakdown,both,,
Breaking Away,,left_only,,
Brick,,left_only,,
Bridesmaids,,left_only,,
Bringing Out the Dead,Bringing Out the Dead,both,,
Broadcast News,Broadcast News,both,,
Broken Arrow,,left_only,,
Broken Embraces,,left_only,,
Bruce Almighty,Bruce Almighty,both,,
Buffy the Vampire Slayer,Buffy the Vampire Slayer,both,,
Bull Durham,Bull Durham,both,,
Buried,,left_only,,
Burlesque,,left_only,,
Burn After Reading,,left_only,,
Burning Annie,,left_only,,
Cable Guy,,left_only,,
Candle to Water,,left_only,,
Capote,Capote,both,,
Carrie,,left_only,,
Cars 2,,left_only,,
Casablanca,Casablanca,both,Casablanca,"Webstatus : 404
"
Case 39,,left_only,,
Casino,Casino,both,,
Cassandro,,left_only,,
Cast Away,Cast Away,both,,
Catch Me If You Can,,left_only,,
Catwoman,Catwoman,both,,
Cecil B. Demented,,left_only,,
Cedar Rapids,,left_only,,
Celeste & Jesse Forever,,left_only,Celeste & Jesse Forever,HTML len = 0 : no content scrapped
Cellular,Cellular,both,,
Changeling,Changeling,both,,
Chaos,,left_only,,
Charade,Charade,both,,
Charlie's Angels,Charlie's Angels,both,,
Chasing Amy,Chasing Amy,both,,
Chasing Sleep,Chasing Sleep,both,,
Cherry Falls,,left_only,,
Chinatown,Chinatown,both,,
Christ Complex,,left_only,,
Chronicle,Chronicle,both,,
"Chronicles of Narnia: The Lion, the Witch and the Wardrobe",,left_only,,
Cinema Paradiso,Cinema Paradiso,both,,
Cirque du Freak: The Vampire's Assistant,,left_only,,
Citizen Kane,Citizen Kane,both,,
City of Joy,City of Joy,both,,
Clash of the Titans,,left_only,,
Clerks,Clerks,both,,
Cliffhanger,Cliffhanger,both,,
"Clockwork Orange, A",,left_only,"Clockwork Orange, A",HTML len = 0 : no content scrapped
Clueless,,left_only,,
Cobb,Cobb,both,,
Coco,,left_only,,
Code of Silence,,left_only,,
Cold Mountain,Cold Mountain,both,,
Collateral,Collateral,both,,
Collateral Damage,Collateral Damage,both,,
Colombiana,,left_only,,
Color of Night,,left_only,,
Commando,,left_only,Commando,HTML len = 0 : no content scrapped
Conan the Barbarian,,left_only,Conan the Barbarian,HTML len = 0 : no content scrapped
Confessions of a Dangerous Mind,,left_only,,
Confidence,Confidence,both,,
Constantine,,left_only,,
Contact,,left_only,Contact,"Webstatus : 404
"
Copycat,Copycat,both,,
Coraline,,left_only,,
Coriolanus,,left_only,,
Corpse Bride,,left_only,,
Courage Under Fire,Courage Under Fire,both,Courage Under Fire,HTML len = 0 : no content scrapped
Cowboys & Aliens,,left_only,Cowboys & Aliens,HTML len = 0 : no content scrapped
Cradle 2 the Grave,,left_only,,
Crank,Crank,both,,
Crash,,left_only,,
"Crazy, Stupid, Love",,left_only,,
Crazylove,,left_only,,
Creation,,left_only,,
Crime Spree,Crime Spree,both,,
"Crouching Tiger, Hidden Dragon",,left_only,,
Croupier,Croupier,both,,
Cruel Intentions,Cruel Intentions,both,,
Crying Game,,left_only,,
Cube,,left_only,,
Custody,,left_only,,
Dallas Buyers Club,,left_only,,
Dances with Wolves,,left_only,,
Dark City,Dark City,both,,
Dark Star,Dark Star,both,,
Darkman,Darkman,both,,
Date Night,,left_only,,
Dave Barry's Complete Guide to Guys,,left_only,,
Dawn of the Dead,,left_only,,
Day of the Dead,,left_only,,
Days of Heaven,Days of Heaven,both,,
Dead Poets Society,Dead Poets Society,both,,
Deadpool,,left_only,,
Deadpool & Wolverine,,left_only,Deadpool & Wolverine,HTML len = 0 : no content scrapped
Dear White People,,left_only,,
Death at a Funeral,,left_only,,
Death to Smoochy,Death to Smoochy,both,,
Deception,,left_only,,
Deep Cover,Deep Cover,both,,
Deep Rising,Deep Rising,both,,
Defiance,Defiance,both,,
Despicable Me 2,,left_only,,
Detroit Rock City,Detroit Rock City,both,,
Devil in a Blue Dress,,left_only,,
Devil's Advocate,,left_only,,
Die Hard,,left_only,,
Die Hard 2,Die Hard 2,both,,
Diner,Diner,both,,
Disturbia,Disturbia,both,,
Django Unchained,Django Unchained,both,,
Do The Right Thing,,left_only,,
Dog Day Afternoon,Dog Day Afternoon,both,,
Dogma,,left_only,,
Donnie Brasco,Donnie Brasco,both,,
Donnie Darko,Donnie Darko,both,Donnie Darko,"Webstatus : 404
"
Double Indemnity,Double Indemnity,both,,
Drag Me to Hell,,left_only,,
Dragonslayer,,left_only,,
Dream Scenario,,left_only,,
Drive,,left_only,,
Drive Angry,,left_only,,
Drop Dead Gorgeous,Drop Dead Gorgeous,both,,
"Dry White Season, A",,left_only,,
Duck Soup,Duck Soup,both,,
Dumb and Dumber,Dumb and Dumber,both,,
Dune,,left_only,,
Dune Part One,,left_only,,
E.T.,,left_only,,
Eagle Eye,,left_only,,
Eastern Promises,,left_only,,
Easy A,,left_only,,
Ed TV,Ed TV,both,,
Ed Wood,Ed Wood,both,,
Edward Scissorhands,Edward Scissorhands,both,,
Eight Legged Freaks,,left_only,,
El Mariachi,El Mariachi,both,,
Election,Election,both,,
Elemental,,left_only,,
Elizabeth: The Golden Age,Elizabeth: The Golden Age,both,,
Elvis,,left_only,,
Enemy of the State,Enemy of the State,both,,
Enough,,left_only,,
Entrapment,Entrapment,both,,
Equilibrium,Equilibrium,both,Equilibrium,HTML len = 0 : no content scrapped
Erik the Viking,Erik the Viking,both,,
Erin Brockovich,Erin Brockovich,both,,
Escape From L.A.,,left_only,,
Escape From New York,,left_only,,
Eternal Sunshine of the Spotless Mind,,left_only,,
Even Cowgirls Get the Blues,,left_only,,
Event Horizon,Event Horizon,both,,
Evil Dead,,left_only,,
Evil Dead II: Dead by Dawn,,left_only,,
Ex Machina,Ex Machina,both,,
Excalibur,Excalibur,both,,
Executive Decision,Executive Decision,both,Executive Decision,"Webstatus : 404
"
Extract,,left_only,,
Eyes Wide Shut,,left_only,Eyes Wide Shut,"Webstatus : 404
"
Face Off,,left_only,,
Fair Game,,left_only,,
FairyTale: A True Story,,left_only,,
Fantastic Beasts and Where to Find Them,,left_only,,
Fantastic Beasts: The Crimes of Grindelwald,,left_only,,
Fantastic Beasts: The Secrets of Dumbledore,,left_only,,
Fantastic Four,,left_only,,
Fantastic Mr Fox,,left_only,,
Fargo,Fargo,both,,
Fast Times at Ridgemont High,Fast Times at Ridgemont High,both,,
Fatal Instinct,Fatal Instinct,both,,
Fear and Loathing in Las Vegas,Fear and Loathing in Las Vegas,both,,
Feast,,left_only,,
Ferrari,,left_only,,
Ferris Bueller's Day Off,Ferris Bueller's Day Off,both,,
Field of Dreams,Field of Dreams,both,,
Fight Club,Fight Club,both,,
Final Destination,Final Destination,both,,
Final Destination 2,Final Destination 2,both,,
Finding Nemo,,left_only,,
First Cow,,left_only,,
Five Easy Pieces,Five Easy Pieces,both,,
Flash Gordon,,left_only,,
Fletch,Fletch,both,,
Flight,Flight,both,,
Flora and Son,,left_only,,
Foe,,left_only,,
Forrest Gump,Forrest Gump,both,,
Four Feathers,Four Feathers,both,,
Four Rooms,Four Rooms,both,,
Foxcatcher,Foxcatcher,both,,
Fracture,Fracture,both,,
Frances,Frances,both,,
Frankenstein,,left_only,Frankenstein,HTML len = 0 : no content scrapped
Frankenweenie,,left_only,Frankenweenie,HTML len = 0 : no content scrapped
Freaked,Freaked,both,,
Fred Claus,,left_only,,
Freddy vs. Jason,Freddy vs. Jason,both,,
Frequency,Frequency,both,,
Freud's Last Session,,left_only,,
Friday the 13th,Friday the 13th,both,,
Friday the 13th Part VIII: Jason Takes Manhattan,,left_only,,
Fright Night,,left_only,,
Fright Night (1985),,left_only,,
From Dusk Till Dawn,From Dusk Till Dawn,both,,
From Here to Eternity,,left_only,,
Frozen,,left_only,,
Frozen (Disney),,left_only,,
Frozen River,Frozen River,both,,
Fruitvale Station,,left_only,,
Full Metal Jacket,,left_only,Full Metal Jacket,"Webstatus : 404
"
Funny People,Funny People,both,,
Fury,Fury,both,Fury,"Webstatus : 404
"
G.I. Jane,,left_only,,
G.I. Joe: The Rise of Cobra,,left_only,,
Game 6,Game 6,both,,
Gamer,,left_only,,
Gandhi,Gandhi,both,,
Gang Related,Gang Related,both,,
Gangs of New York,,left_only,,
Garden State,Garden State,both,,
Gattaca,Gattaca,both,,
Get Carter,Get Carter,both,,
Get Low,,left_only,,
Get Out,,left_only,,
Get Shorty,Get Shorty,both,,
Get on Up,,left_only,,
Ghost,Ghost,both,,
Ghost Rider,,left_only,,
Ghost Ship,Ghost Ship,both,,
Ghost World,Ghost World,both,,
Ghostbusters,,left_only,,
Ghostbusters 2,,left_only,,
Ginger Snaps,,left_only,Ginger Snaps,"Webstatus : 404
"
Gladiator,,left_only,,
Glengarry Glen Gross,,left_only,,
Go,,left_only,,
Godfather,,left_only,,
Godfather Part II,,left_only,,
Gods and Monsters,Gods and Monsters,both,,
Godzilla,,left_only,,
Gone Baby Gone,,left_only,,
Gone in 60 Seconds,,left_only,,
Good Will Hunting,Good Will Hunting,both,,
Goodfellas,,left_only,Goodfellas,"Webstatus : 404
"
Gothika,Gothika,both,,
Grabbers,,left_only,,
Gran Torino,,left_only,,
Grand Hotel,Grand Hotel,both,,
Grand Theft Parsons,,left_only,,
Gravity,Gravity,both,,
Gremlins,,left_only,,
Gremlins 2,,left_only,,
Grosse Point Blank,,left_only,,
Groundhog Day,Groundhog Day,both,,
Guardians of the Galaxy Vol 2,,left_only,,
Hackers,,left_only,,
Hall Pass,,left_only,,
Halloween,Halloween,both,,
Halloween: The Curse of Michael Myers,,left_only,,
Hancock,,left_only,,
Hanna,,left_only,,
Hannah and Her Sisters,Hannah and Her Sisters,both,,
Hannibal,Hannibal,both,,
"Happy Birthday, Wanda June","Happy Birthday, Wanda June",both,,
Happy Feet,,left_only,,
Hard Rain,Hard Rain,both,,
Hard to Kill,Hard to Kill,both,,
Harold and Kumar Go to White Castle,,left_only,,
Harry Potter and the Chamber of Secrets,,left_only,Harry Potter and the Chamber of Secrets,"Webstatus : 404
"
Harry Potter and the Deathly Hallows Part 1,,left_only,Harry Potter and the Deathly Hallows Part 1,"Webstatus : 404
"
Harry Potter and the Goblet of Fire,,left_only,Harry Potter and the Goblet of Fire,"Webstatus : 404
"
Harry Potter and the Half-Blood Prince,,left_only,Harry Potter and the Half-Blood Prince,"Webstatus : 404
"
Harry Potter and the Prisoner of Azkaban,,left_only,Harry Potter and the Prisoner of Azkaban,"Webstatus : 404
"
Harry Potter and the Sorcerer's Stone,,left_only,Harry Potter and the Sorcerer's Stone,"Webstatus : 404
"
He's Just Not That Into You,He's Just Not That Into You,both,,
Heat,Heat,both,,
Heathers,Heathers,both,,
Heavenly Creatures,,left_only,,
Heavy Metal,Heavy Metal,both,,
Heist,Heist,both,,
Hellbound: Hellraiser II,Hellbound: Hellraiser II,both,,
Hellboy,Hellboy,both,,
Hellboy 2: The Golden Army,,left_only,,
Hellraiser,Hellraiser,both,,
Hellraiser 3: Hell on Earth,,left_only,,
Hellraiser: Deader,,left_only,,
Hellraiser: Hellseeker,,left_only,,
Henry Fool,Henry Fool,both,,
Henry's Crime,,left_only,,
Her,,left_only,,
Here Comes Peter Cottontail,,left_only,,
Hesher,,left_only,,
High Fidelity,High Fidelity,both,,
Highlander,,left_only,,
Highlander: Endgame,,left_only,,
His Girl Friday,His Girl Friday,both,,
Hitchcock,,left_only,,
Hollow Man,,left_only,,
Honeydripper,,left_only,,
Horrible Bosses,,left_only,,
Hostage,Hostage,both,,
Hot Tub Time Machine,,left_only,,
Hotel Rwanda,Hotel Rwanda,both,,
House of 1000 Corpses,,left_only,,
How to Lose Friends & Alienate People,,left_only,How to Lose Friends & Alienate People,HTML len = 0 : no content scrapped
How to Train Your Dragon,,left_only,,
How to Train Your Dragon 2,,left_only,,
Hudson Hawk,Hudson Hawk,both,,
Human Nature,Human Nature,both,,
I Am Number Four,,left_only,,
I Love You Phillip Morris,,left_only,,
I Spit on Your Grave,,left_only,,
I Still Know What You Did Last Summer,,left_only,,
I am Sam,I am Sam,both,,
I'll Do Anything,I'll Do Anything,both,,
"I, Robot","I, Robot",both,,
In the Bedroom,,left_only,,
In the Loop,,left_only,,
Inception,,left_only,,
Independence Day,Independence Day,both,,
Indiana Jones IV,,left_only,,
Indiana Jones and the Last Crusade,,left_only,,
Indiana Jones and the Raiders of the Lost Ark,,left_only,,
Indiana Jones and the Temple of Doom,Indiana Jones and the Temple of Doom,both,,
Inglourious Basterds,,left_only,,
Initiation,,left_only,,
Innerspace,Innerspace,both,Innerspace,"Webstatus : 404
"
Insidious,,left_only,,
Insomnia,Insomnia,both,,
Interstellar,,left_only,,
Interview with the Vampire,Interview with the Vampire,both,,
Into the Wild,,left_only,,
Into the Woods,,left_only,,
Intolerable Cruelty,Intolerable Cruelty,both,,
Inventing the Abbotts,Inventing the Abbotts,both,,
Invictus,,left_only,,
It,,left_only,,
It Happened One Night,It Happened One Night,both,,
It Happened One Night,It Happened One Night,both,,
It's Complicated,,left_only,,
It's a Wonderful Life,It's a Wonderful Life,both,,
JFK,JFK,both,,
Jackie Brown,Jackie Brown,both,,
Jacob's Ladder,Jacob's Ladder,both,,
Jade,Jade,both,Jade,HTML len = 0 : no content scrapped
Jane Eyre,Jane Eyre,both,,
Jason X,Jason X,both,,
Jaws,Jaws,both,,
Jaws 2,Jaws 2,both,,
Jay and Silent Bob Strike Back,,left_only,,
Jennifer Eight,Jennifer Eight,both,,
Jennifer's Body,,left_only,,
Jerry Maguire,Jerry Maguire,both,,
Jeux Interdits,,left_only,,
Jimmy and Judy,Jimmy and Judy,both,,
John Q,,left_only,,
John Wick,,left_only,,
John Wick: Chapter 4,,left_only,,
Jojo Rabbit,,left_only,,
Joker,,left_only,,
Judge Dredd,,left_only,,
Juno,Juno,both,,
Jurassic Park,Jurassic Park,both,,
Jurassic Park III,,left_only,,
Jurassic Park: The Lost World,,left_only,,
Kafka,Kafka,both,,
Kalifornia,Kalifornia,both,,
Kate & Leopold,,left_only,Kate & Leopold,HTML len = 0 : no content scrapped
Kids,Kids,both,,
Kill Bill Volume 1 & 2,,left_only,Kill Bill Volume 1 & 2,HTML len = 0 : no content scrapped
Kill Your Darlings,Kill Your Darlings,both,,
Killers of the Flower Moon,,left_only,,
Killing Zoe,,left_only,,
King Kong,King Kong,both,,
Kiss of the Spider Woman,Kiss of the Spider Woman,both,Kiss of the Spider Woman,HTML len = 0 : no content scrapped
Klute,Klute,both,,
Knocked Up,Knocked Up,both,,
Kramer vs Kramer,,left_only,,
Kundun,Kundun,both,,
Kung Fu Panda,,left_only,,
L.A. Confidential,L.A. Confidential,both,,
La La Land,,left_only,,
Labor of Love,,left_only,,
Labyrinth,,left_only,,
Lake Placid,Lake Placid,both,,
Land of the Dead,Land of the Dead,both,,
Larry Crowne,,left_only,,
Last Chance Harvey,,left_only,,
Last Tango in Paris,,left_only,,
Law Abiding Citizen,,left_only,,
Le Diable par la Queue,,left_only,,
Leaving Las Vegas,Leaving Las Vegas,both,,
Legally Blonde,Legally Blonde,both,,
Legend,,left_only,,
Legion,,left_only,,
Leprechaun 2,,left_only,,
Les Miserables,,left_only,,
Les Tontons Flingueurs,,left_only,,
Lethal Weapon,Lethal Weapon,both,Lethal Weapon,"Webstatus : 404
"
Lethal Weapon 4,Lethal Weapon 4,both,Lethal Weapon 4,"Webstatus : 404
"
Leviathan,Leviathan,both,,
Liar Liar,,left_only,,
Life,Life,both,,
Life As A House,Life As A House,both,,
Life of Pi,,left_only,,
Light Sleeper,Light Sleeper,both,,
Limitless,,left_only,,
Lincoln,,left_only,,
Little Athens,,left_only,,
Little Men,,left_only,,
Little Nicky,Little Nicky,both,,
Living in Oblivion,Living in Oblivion,both,,
"Lock, Stock and Two Smoking Barrels",,left_only,,
Logan,,left_only,,
Logan's Run,Logan's Run,both,,
Lone Star,Lone Star,both,,
Looper,,left_only,,
Lord of Illusions,Lord of Illusions,both,,
Lord of War,,left_only,,
Lord of the Rings: Return of the King,,left_only,,
Lord of the Rings: The Two Towers,,left_only,,
Lost Highway,Lost Highway,both,,
Lost Horizon,Lost Horizon,both,,
Lost in Space,,left_only,,
Lost in Translation,Lost in Translation,both,,
Love and Basketball,Love and Basketball,both,,
Machete,,left_only,,
Machine Gun Preacher,,left_only,,
Mad Max 2: The Road Warrior,,left_only,,
Made,Made,both,,
Maestro,,left_only,,
Magnolia,Magnolia,both,,
Major League,Major League,both,,
Malcolm X,Malcolm X,both,,
Malibu's Most Wanted,Malibu's Most Wanted,both,,
Malignant,,left_only,,
Man On Fire,Man On Fire,both,,
Man Trouble,Man Trouble,both,,
Man in the Iron Mask,Man in the Iron Mask,both,,
Man on the Moon,,left_only,,
Manhattan Murder Mystery,,left_only,,
Manhunter,Manhunter,both,,
Margaret,,left_only,,
Margin Call,,left_only,,
Margot at the Wedding,,left_only,,
"Mariachi, El",,left_only,,
Marley & Me,,left_only,Marley & Me,HTML len = 0 : no content scrapped
Martha Marcy May Marlene,,left_only,,
Marty,Marty,both,,
Mary Poppins,,left_only,,
Master and Commander,,left_only,,
Matchstick Men,Matchstick Men,both,Matchstick Men,"Webstatus : 404
"
Max Payne,,left_only,,
May December,,left_only,,
Mean Streets,,left_only,,
Meet Joe Black,,left_only,,
Meet John Doe,Meet John Doe,both,,
Megamind,,left_only,,
Memento,Memento,both,,
Memory,,left_only,,
Men in Black,,left_only,,
Men in Black 3,,left_only,,
Metro,Metro,both,,
Miami Vice,Miami Vice,both,,
Midnight Cowboy,Midnight Cowboy,both,,
Midnight Express,Midnight Express,both,,
Midnight in Paris,,left_only,,
Mighty Joe Young,Mighty Joe Young,both,,
Mighty Morphin Power Rangers: The Movie,,left_only,,
Milk,,left_only,,
Miller's Crossing,Miller's Crossing,both,,
Miller's Girl,,left_only,,
Mimic,Mimic,both,,
Mini's First Time,Mini's First Time,both,,
Minority Report,Minority Report,both,,
Mirrors,,left_only,,
Misery,Misery,both,,
Mission Impossible,Mission Impossible,both,,
Mission Impossible II,Mission Impossible II,both,,
Mission to Mars,Mission to Mars,both,,
Moneyball,,left_only,,
Monkeybone,Monkeybone,both,,
Monster's Ball,Monster's Ball,both,Monster's Ball,HTML len = 0 : no content scrapped
Monte Carlo,,left_only,,
Moon,,left_only,,
Moonrise Kingdom,,left_only,,
Moonstruck,Moonstruck,both,,
Mr Blandings Builds His Dream House,,left_only,,
Mr Brooks,,left_only,,
Mr Deeds Goes to Town,,left_only,,
Mr. Holland's Opus,Mr. Holland's Opus,both,Mr. Holland's Opus,HTML len = 0 : no content scrapped
Mrs. Brown,Mrs. Brown,both,,
Mud,,left_only,,
Mulan,,left_only,,
Mulholland Drive,Mulholland Drive,both,,
Mumford,Mumford,both,,
Music of the Heart,,left_only,,
Mute Witness,,left_only,,
My Best Friend's Wedding,,left_only,,
My Girl,,left_only,,
My Mother Dreams the Satan's Disciples in New York,,left_only,,
My Week with Marilyn,,left_only,,
Mystery Men,Mystery Men,both,,
Napoleon,,left_only,,
Napoleon Dynamite,,left_only,,
Nashville,Nashville,both,,
Natural Born Killers,Natural Born Killers,both,,
Never Been Kissed,Never Been Kissed,both,,
New York Minute,New York Minute,both,,
Newsies,Newsies,both,,
Next,Next,both,,
Next Friday,Next Friday,both,,
Ni vu ni connu,,left_only,,
Nick of Time,Nick of Time,both,,
Nickel Boys,,left_only,,
Night Time (The Poltergeist Treatment),,left_only,,
Nightbreed,,left_only,,
"Nightmare on Elm Street, A",,left_only,,
Nightmare on Elm Street: The Final Chapter,,left_only,,
Nine,,left_only,,
Ninja Assassin,,left_only,,
Ninotchka,Ninotchka,both,,
No Country for Old Men,,left_only,,
No Hard Feelings,,left_only,,
No One Will Save You,,left_only,,
No Strings Attached,,left_only,,
Notting Hill,,left_only,,
Nurse Betty,Nurse Betty,both,,
O Brother Where Art Thou?,,left_only,O Brother Where Art Thou?,"Webstatus : 404
"
Oblivion,,left_only,,
Observe and Report,,left_only,,
Obsessed,,left_only,,
Ocean's Eleven,Ocean's Eleven,both,,
Ocean's Twelve,Ocean's Twelve,both,,
Office Space,Office Space,both,,
"Officer and a Gentleman, An",,left_only,"Officer and a Gentleman, An",HTML len = 0 : no content scrapped
Omega Man,Omega Man,both,,
One Flew Over the Cuckoo's Nest,,left_only,,
Only God Forgives,,left_only,,
Onward,,left_only,,
Oppenheimer,,left_only,,
Ordinary People,Ordinary People,both,,
Orgy of the Dead,Orgy of the Dead,both,,
Origin,,left_only,,
Orphan,,left_only,,
Out of Sight,Out of Sight,both,,
Outbreak,Outbreak,both,Outbreak,"Webstatus : 404
"
Pandorum,,left_only,,
Panic Room,Panic Room,both,,
Papadopoulos & Sons,,left_only,Papadopoulos & Sons,HTML len = 0 : no content scrapped
ParaNorman,,left_only,,
Pariah,,left_only,,
Passengers,,left_only,,
Paul,,left_only,,
Pearl Harbor,Pearl Harbor,both,,
Peeping Tom,Peeping Tom,both,,
Peggy Sue Got Married,Peggy Sue Got Married,both,,
Perfect Creature,,left_only,,
"Perfect World, A",,left_only,,
Pet Sematary,Pet Sematary,both,,
Pet Sematary II,Pet Sematary II,both,,
Petulia,,left_only,,
Philadelphia,Philadelphia,both,,
Phone Booth,Phone Booth,both,,
Pi,,left_only,,
Pineapple Express,,left_only,,
Pirates of the Caribbean,Pirates of the Caribbean,both,,
Pirates of the Caribbean: Dead Man's Chest,,left_only,,
Pitch Black,Pitch Black,both,,
Platinum Blonde,Platinum Blonde,both,,
Platoon,Platoon,both,,
Pleasantville,Pleasantville,both,,
Point Break,,left_only,,
Pokemon: Mewtwo Returns,,left_only,,
Poor Things,,left_only,,
Precious,,left_only,,
Predator,Predator,both,,
Pretty Woman,Pretty Woman,both,,
Pretty Woman (final script),,left_only,,
Pride and Prejudice,,left_only,,
Priest,,left_only,,
Priscilla,,left_only,,
Prom Night,,left_only,,
Prometheus,,left_only,,
Psycho,Psycho,both,,
Public Enemies,,left_only,,
Pulp Fiction,Pulp Fiction,both,,
Punch-Drunk Love,,left_only,,
Purple Rain,,left_only,,
Puss in Boots: The Last Wish,,left_only,,
Quantum Project,Quantum Project,both,,
Queen of the Damned,Queen of the Damned,both,,
Quiz Lady,,left_only,,
RKO 281,RKO 281,both,,
Rachel Getting Married,,left_only,,
Raging Bull,Raging Bull,both,,
Raising Arizona,Raising Arizona,both,,
Rambling Rose,Rambling Rose,both,,
Rambo: First Blood II: The Mission,Rambo: First Blood II: The Mission,both,,
Real Genius,Real Genius,both,,
Rear Window,Rear Window,both,,
Rebel Without A Cause,Rebel Without A Cause,both,,
Red Planet,Red Planet,both,,
Red Riding Hood,,left_only,,
Reindeer Games,Reindeer Games,both,,
Remember Me,,left_only,,
Repo Man,,left_only,,
Reservoir Dogs,Reservoir Dogs,both,,
Resident Evil,Resident Evil,both,,
Return of the Apes,Return of the Apes,both,,
Revolutionary Road,,left_only,,
Ricky Stanicky,,left_only,,
Ringu,,left_only,,
Rise of the Guardians,,left_only,,
Rise of the Planet of the Apes,,left_only,,
Robin Hood: Prince of Thieves,,left_only,,
Robocop,,left_only,Robocop,HTML len = 0 : no content scrapped
RocknRolla,RocknRolla,both,,
Rocky,Rocky,both,,
Romeo & Juliet,,left_only,Romeo & Juliet,HTML len = 0 : no content scrapped
Ronin,Ronin,both,,
Room,Room,both,,
Rosetta,,left_only,,
Roughshod,Roughshod,both,,
Runaway Bride,,left_only,,
Rush,Rush,both,,
Rush Hour,Rush Hour,both,,
Rush Hour 2,Rush Hour 2,both,,
Rushmore,Rushmore,both,,
Rust and Bone,,left_only,,
Rustin,,left_only,,
S. Darko,,left_only,,
Saturday Night,,left_only,,
Save the Last Dance,Save the Last Dance,both,,
Saving Mr. Banks,,left_only,,
Saving Private Ryan,Saving Private Ryan,both,,
Saw,,left_only,,
Saw IV,,left_only,,
Scarface,Scarface,both,,
Scary Movie 2,Scary Movie 2,both,Scary Movie 2,HTML len = 0 : no content scrapped
Schindler's List,Schindler's List,both,,
Scott Pilgrim vs the World,,left_only,,
Scream,Scream,both,,
Scream 2,,left_only,,
Scream 3,Scream 3,both,,
Scream 4,,left_only,,
Se7en,,left_only,,
Semi-Pro,,left_only,,
Sense and Sensibility,,left_only,,
Serenity,,left_only,,
Serial Mom,Serial Mom,both,,
Sex and the City,,left_only,,
"Sex, Lies and Videotape",,left_only,,
Sexual Life,Sexual Life,both,,
Shadow of the Vampire,Shadow of the Vampire,both,Shadow of the Vampire,HTML len = 0 : no content scrapped
Shakespeare in Love,Shakespeare in Love,both,,
Shallow Grave,,left_only,,
Shame,,left_only,,
Shampoo,Shampoo,both,,
She's Out of My League,,left_only,,
Sherlock Holmes,,left_only,,
Shifty,,left_only,,
Shivers,Shivers,both,,
Shrek,,left_only,,
Shrek the Third,,left_only,,
Sicario,,left_only,,
Sideways,Sideways,both,,
Signs,Signs,both,,
Silence of the Lambs,,left_only,,
Silent Grace,,left_only,,
Silver Bullet,Silver Bullet,both,,
Silver Linings Playbook,,left_only,,
Simone,Simone,both,,
Sing Sing,,left_only,,
Single White Female,,left_only,,
Sister Act,,left_only,,
Six Degrees of Separation,,left_only,,
Sleepless in Seattle,,left_only,,
Sleepy Hollow,Sleepy Hollow,both,,
Sling Blade,Sling Blade,both,,
Slither,,left_only,,
Slumdog Millionaire,Slumdog Millionaire,both,,
Smashed,,left_only,,
Smokin' Aces,Smokin' Aces,both,,
Snatch,Snatch,both,,
Sneakers,,left_only,Sneakers,HTML len = 0 : no content scrapped
Snow Falling On Cedars,Snow Falling On Cedars,both,,
Snow White and the Huntsman,Snow White and the Huntsman,both,,
So I Married an Axe Murderer,,left_only,,
Solaris,Solaris,both,,
Soldier,Soldier,both,,
Someone To Watch Over Me,,left_only,,
Something's Gotta Give,Something's Gotta Give,both,,
Source Code,,left_only,,
South Park,,left_only,,
Space Milkshake,,left_only,,
Spanglish,Spanglish,both,,
Spare Me,Spare Me,both,,
Spartan,Spartan,both,,
Speed,Speed,both,Speed,HTML len = 0 : no content scrapped
Speed Racer,,left_only,,
Sphere,Sphere,both,,
Spider-Man,Spider-Man,both,,
Spider-Man: Across the Spider-Verse,,left_only,,
St. Elmo's Fire,,left_only,,
Star Trek,,left_only,,
Star Trek II: The Wrath of Khan,,left_only,,
Star Trek: First Contact,,left_only,,
Star Trek: Generations,,left_only,,
Star Trek: Nemesis,,left_only,,
Star Trek: The Motion Picture,,left_only,,
Star Wars: A New Hope,,left_only,,
Star Wars: Attack of the Clones,,left_only,,
Star Wars: Return of the Jedi,,left_only,,
Star Wars: Revenge of the Sith,,left_only,,
Star Wars: The Empire Strikes Back,,left_only,,
Star Wars: The Force Awakens,,left_only,,
Star Wars: The Phantom Menace,,left_only,,
Starman,Starman,both,,
Starship Troopers,,left_only,,
State and Main,State and Main,both,,
Station West,Station West,both,,
Stepmom,Stepmom,both,,
Stir of Echoes,,left_only,,
Storytelling,Storytelling,both,,
Straight Outta Compton,,left_only,,
Strange Days,,left_only,,
Strangers on a Train,Strangers on a Train,both,,
Sugar,,left_only,,
Sugar and Spice,Sugar and Spice,both,,
Sunset Blvd.,Sunset Blvd.,both,,
Sunshine Cleaning,,left_only,,
Super 8,,left_only,,
Superbad,,left_only,,
Superfights,,left_only,Superfights,HTML len = 0 : no content scrapped
Supergirl,,left_only,,
Surrogates,,left_only,,
Suspect Zero,Suspect Zero,both,,
Sweeney Todd: The Demon Barber of Fleet Street,,left_only,,
Sweet Smell of Success,Sweet Smell of Success,both,,
Swingers,Swingers,both,,
Swordfish,Swordfish,both,,
"Synecdoche, New York",,left_only,,
Syriana,,left_only,,
TMNT,,left_only,,
TRON,TRON,both,,
TRON: Legacy,,left_only,,
Take Shelter,,left_only,,
Taking Lives,Taking Lives,both,,
Taking Sides,Taking Sides,both,,
Tall in the Saddle,,left_only,,
Tamara Drewe,,left_only,,
Taxi Driver,Taxi Driver,both,,
Ted,,left_only,,
Teenage Mutant Ninja Turtles: Mutant Mayhem,,left_only,,
Tenet,,left_only,,
Terminator,Terminator,both,,
Terminator 2: Judgement Day,,left_only,,
Terminator Salvation,,left_only,,
The Abyss,The Abyss,both,,
The Addams Family,The Addams Family,both,,
The Adjustment Bureau,,left_only,,
The Adventures of Buckaroo Banzai Across the Eighth Dimension,,left_only,,
The American,,left_only,,
The American President,The American President,both,,
The Amityville Asylum,,left_only,,
The Anniversary Party,The Anniversary Party,both,,
The Apartment,The Apartment,both,,
The Artist,,left_only,,
The Assignment,The Assignment,both,,
The Avengers,The Avengers,both,,
The Avengers,The Avengers,both,,
The Bachelor Party,,left_only,,
The Back-up Plan,,left_only,,
The Battle of Algiers,The Battle of Algiers,both,,
The Battle of Shaker Heights,The Battle of Shaker Heights,both,,
The Beach,,left_only,,
The Beekeeper,,left_only,,
The Believer,The Believer,both,,
The Best Exotic Marigold Hotel,,left_only,,
The Big Blue,The Big Blue,both,,
The Big Lebowski,The Big Lebowski,both,,
The Big Sick,The Big Sick,both,,
The Big White,,left_only,,
The Birds,The Birds,both,,
The Black Dahlia,The Black Dahlia,both,,
The Blast from the Past,The Blast from the Past,both,,
The Blind Side,,left_only,,
The Bling Ring,,left_only,,
The Blues Brothers,The Blues Brothers,both,The Blues Brothers,HTML len = 0 : no content scrapped
The Book of Eli,,left_only,,
The Boondock Saints,The Boondock Saints,both,,
The Bounty Hunter,,left_only,,
The Bourne Identity,The Bourne Identity,both,,
The Bourne Supremacy,The Bourne Supremacy,both,,
The Bourne Ultimatum,The Bourne Ultimatum,both,,
The Box,,left_only,,
The Boxtrolls,The Boxtrolls,both,,
The Breakfast Club,The Breakfast Club,both,,
The Brothers Bloom,,left_only,,
The Brutalist,,left_only,,
The Butterfly Effect,The Butterfly Effect,both,,
The Cell,The Cell,both,,
The Change-Up,,left_only,,
The Cider House Rules,The Cider House Rules,both,,
The Cincinnati Kid,The Cincinnati Kid,both,,
The Color Purple,,left_only,,
The Cooler,The Cooler,both,,
The Croods,,left_only,,
The Crow,The Crow,both,,
The Crow Salvation,The Crow Salvation,both,,
The Crow: City of Angels,,left_only,,
The Curious Case of Benjamin Button,,left_only,,
The Damned United,,left_only,,
The Danish Girl,,left_only,,
The Dark Knight,,left_only,The Dark Knight,"Webstatus : 404
"
The Dark Knight Rises,,left_only,,
The Day the Clown Cried,The Day the Clown Cried,both,,
The Day the Earth Stood Still,,left_only,,
The Debt,,left_only,,
The Deer Hunter,The Deer Hunter,both,,
The Departed,The Departed,both,,
The Descendants,,left_only,,
The Devil Wears Prada,The Devil Wears Prada,both,,
The Distinguished Gentleman,The Distinguished Gentleman,both,,
The Doors,The Doors,both,,
The Elephant Man,The Elephant Man,both,,
The English Patient,The English Patient,both,,
The Fabulous Baker Boys,The Fabulous Baker Boys,both,,
The Family Man,The Family Man,both,,
The Fault in Our Stars,,left_only,,
The Fifth Element,,left_only,,
The Fighter,,left_only,,
The Flintstones,The Flintstones,both,,
The French Connection,The French Connection,both,,
The Fugitive,The Fugitive,both,,
The Game,The Game,both,,
The Getaway,The Getaway,both,,
The Ghost and the Darkness,The Ghost and the Darkness,both,,
The Girl with the Dragon Tattoo,,left_only,,
The Godfather Part III,,left_only,,
The Good Girl,,left_only,,
The Graduate,The Graduate,both,,
The Grapes of Wrath,The Grapes of Wrath,both,,
The Great Gatsby,,left_only,,
The Green Mile,,left_only,,
The Grifters,The Grifters,both,,
The Grudge,The Grudge,both,,
The Hangover,,left_only,,
The Haunting,The Haunting,both,,
The Hebrew Hammer,The Hebrew Hammer,both,,
The Help,The Help,both,,
The Hills Have Eyes,,left_only,,
The Hitchhiker's Guide to the Galaxy,,left_only,,
The Holdovers,,left_only,,
The Horse Whisperer,,left_only,,
The Hospital,The Hospital,both,,
The Hudsucker Proxy,The Hudsucker Proxy,both,,
The Hunt for Red October,,left_only,,
The Hurt Locker,The Hurt Locker,both,,
The Ice Storm,The Ice Storm,both,,
The Ides of March,,left_only,,
The Imaginarium of Doctor Parnassus,,left_only,,
The Incredibles,,left_only,,
The Informant,,left_only,,
The Insider,The Insider,both,,
The Invention of Lying,,left_only,,
The Iron Claw,,left_only,,
The Iron Lady,,left_only,,
The Island,The Island,both,,
The Italian Job,The Italian Job,both,,
The Jacket,The Jacket,both,,
The Kids Are All Right,,left_only,,
The Killer,,left_only,,
The King of Comedy,,left_only,,
The King's Speech,,left_only,,
The Kingdom,,left_only,,
The LEGO Movie,,left_only,,
The Ladykillers,The Ladykillers,both,,
The Last Boy Scout,The Last Boy Scout,both,,
The Last Flight,,left_only,,
The Last Samurai,The Last Samurai,both,,
The Last Station,,left_only,,
The Last of the Mohicans,,left_only,,
The Life of David Gale,The Life of David Gale,both,,
The Limey,The Limey,both,,
The Lincoln Lawyer,,left_only,,
The Lion King,,left_only,The Lion King,HTML len = 0 : no content scrapped
The Little Mermaid,,left_only,,
The Long Kiss Goodnight,,left_only,,
The Lord of the Rings: Fellowship of the Ring,,left_only,,
The Losers,,left_only,,
The Majestic,The Majestic,both,,
The Man Who Knew Too Much,The Man Who Knew Too Much,both,,
The Man Who Wasn't There,The Man Who Wasn't There,both,,
The Manchurian Candidate,The Manchurian Candidate,both,,
The Martian,,left_only,,
The Mask,,left_only,,
The Master,,left_only,,
The Matrix,The Matrix,both,,
The Matrix Reloaded,,left_only,,
The Mechanic,,left_only,,
The Men Who Stare at Goats,,left_only,,
The Menu,,left_only,,
The Miracle Worker,,left_only,,
The Mummy,,left_only,,
The Neverending Story,,left_only,,
The Next Three Days,,left_only,,
The Nightmare Before Christmas,The Nightmare Before Christmas,both,,
The Nightmare Before Christmas,The Nightmare Before Christmas,both,,
The Nines,,left_only,,
The Ninth Gate,,left_only,,
The Other Boleyn Girl,,left_only,,
The Pacifier,The Pacifier,both,,
The Passion of Joan of Arc,,left_only,,
The Patriot,The Patriot,both,,
The Perks of Being a Wallflower,,left_only,,
The Persian Version,,left_only,,
The Pianist,The Pianist,both,,
The Piano,The Piano,both,,
The Planet of the Apes,,left_only,,
The Postman,The Postman,both,,
The Power of One,The Power of One,both,,
The Prestige,The Prestige,both,,
The Princess Bride,The Princess Bride,both,,
The Private Life of Sherlock Holmes,,left_only,,
The Producer,,left_only,,
The Program,The Program,both,,
The Prophecy,The Prophecy,both,,
The Proposal,,left_only,,
The Queen,The Queen,both,,
The Rage: Carrie 2,,left_only,,
The Reader,The Reader,both,,
The Relic,The Relic,both,,
The Replacements,The Replacements,both,,
The Rescuers Down Under,,left_only,,
The Revenant,,left_only,,
The Road,,left_only,,
The Rock,,left_only,,
The Rocky Horror Picture Show,,left_only,,
The Roommate,,left_only,,
The Ruins,,left_only,,
The Saint,The Saint,both,,
The Salton Sea,The Salton Sea,both,,
The Sandlot Kids,,left_only,,
The Searchers,The Searchers,both,,
The Secret Life of Walter Mitty,The Secret Life of Walter Mitty,both,,
The Sessions,,left_only,,
The Seventh Seal,,left_only,,
The Shawshank Redemption,The Shawshank Redemption,both,,
The Shining,The Shining,both,,
The Shipping News,The Shipping News,both,,
The Siege,The Siege,both,,
The Sixth Sense,The Sixth Sense,both,,
The Social Network,,left_only,,
The Sting,The Sting,both,,
The Stuntman,,left_only,,
The Substance,,left_only,,
The Surfer King,,left_only,,
The Sweet Hereafter,The Sweet Hereafter,both,,
The Taking of Pelham One Two Three,,left_only,,
The Talented Mr. Ripley,The Talented Mr. Ripley,both,,
The Teachers' Lounge,,left_only,,
The Theory of Everything,The Theory of Everything,both,,
The Thing,The Thing,both,,
The Things My Father Never Taught Me,,left_only,,
The Three Musketeers,The Three Musketeers,both,,
The Time Machine,The Time Machine,both,,
The Tourist,,left_only,,
The Town,,left_only,,
The Truman Show,The Truman Show,both,,
The Ugly Truth,,left_only,,
The Usual Suspects,The Usual Suspects,both,,
The Verdict,The Verdict,both,,
The Village,,left_only,,
The Visitor,,left_only,,
The Way Back,,left_only,,
The Whistleblower,,left_only,,
The White Ribbon,,left_only,,
The Wild Bunch,The Wild Bunch,both,,
The Wizard of Oz,,left_only,,
The Wolf of Wall Street,,left_only,,
The Woodsman,The Woodsman,both,,
The World is not Enough,,left_only,,
The Wrestler,,left_only,,
The X-Files: Fight the Future,,left_only,,
The Zone of Interest,,left_only,,
Thelma & Louise,Thelma & Louise,both,Thelma & Louise,HTML len = 0 : no content scrapped
There's Something About Mary,There's Something About Mary,both,,
They,,left_only,,
Thirteen Days,Thirteen Days,both,,
This Boy's Life,This Boy's Life,both,,
This is 40,,left_only,This is 40,HTML len = 0 : no content scrapped
Thor,,left_only,,
Thor Ragnarok,,left_only,,
Three Kings,Three Kings,both,,
Three Kings (Spoils of War),Three Kings (Spoils of War),both,,
Three Men and a Baby,Three Men and a Baby,both,,
Thunderbirds,,left_only,,
Thunderheart,Thunderheart,both,,
Ticker,Ticker,both,,
Timber Falls,,left_only,,
Tin Cup,Tin Cup,both,,
Tin Men,Tin Men,both,,
Tinker Tailor Soldier Spy,,left_only,,
Titanic,Titanic,both,,
To Sleep with Anger,,left_only,,
Tombstone,Tombstone,both,,
Tomorrow Never Dies,,left_only,,
Top Gun,Top Gun,both,,
Total Recall,,left_only,,
Toy Story,Toy Story,both,,
Traffic,Traffic,both,,
Training Day,Training Day,both,,
Trainspotting,Trainspotting,both,,
Transformers: The Movie,Transformers: The Movie,both,,
Trap Livin',,left_only,,
Tremors,Tremors,both,,
Tristan and Isolde,,left_only,,
Tropic Thunder,,left_only,,
Troy,Troy,both,Troy,"Webstatus : 404
"
True Grit,,left_only,,
True Lies,,left_only,,
True Romance,True Romance,both,,
Tucker and Dale vs Evil,,left_only,,
Twilight,,left_only,,
Twilight: New Moon,,left_only,,
Twin Peaks,,left_only,,
Twins,Twins,both,,
Twister,,left_only,,
Two For The Money,Two For The Money,both,,
U Turn,U Turn,both,,
Un Singe en Hiver,,left_only,,
Unbreakable,Unbreakable,both,,
Under Fire,Under Fire,both,,
Unforgiven,Unforgiven,both,Unforgiven,"Webstatus : 404
"
Unknown,,left_only,,
Up,,left_only,,
Up in the Air,,left_only,,
V for Vendetta,,left_only,,
Valentine's Day,,left_only,Valentine's Day,"Webstatus : 404
"
Valkyrie,,left_only,,
Vanilla Sky,,left_only,,
Vertigo,Vertigo,both,Vertigo,HTML len = 0 : no content scrapped
Very Bad Things,Very Bad Things,both,,
Virtuosity,Virtuosity,both,,
Wag the Dog,Wag the Dog,both,,
"Walk to Remember, A",,left_only,,
Walking Tall,,left_only,,
Wall Street,Wall Street,both,,
Wall Street: Money Never Sleeps,,left_only,,
Wall-E,,left_only,,
Wanted,,left_only,,
War Horse,,left_only,,
War for the Planet of the Apes,,left_only,,
War of the Worlds,,left_only,,
Warm Springs,Warm Springs,both,,
Warrior,,left_only,,
Watchmen,,left_only,,
Water for Elephants,,left_only,,
We Own the Night,,left_only,,
What About Bob?,What About Bob?,both,What About Bob?,"Webstatus : 404
"
What Lies Beneath,What Lies Beneath,both,,
When Harry Met Sally,When Harry Met Sally,both,When Harry Met Sally,HTML len = 0 : no content scrapped
When a Stranger Calls,,left_only,,
While She Was Out,,left_only,,
Whiplash,Whiplash,both,,
White Christmas,White Christmas,both,,
White Jazz,,left_only,,
White Squall,,left_only,,
Whiteout,,left_only,,
Who Framed Roger Rabbit?,,left_only,Who Framed Roger Rabbit?,"Webstatus : 404
"
Who's Your Daddy,,left_only,,
Wicked,,left_only,,
Wild At Heart,Wild At Heart,both,,
Wild Hogs,,left_only,,
Wild Things,Wild Things,both,,
Wild Things: Diamonds in the Rough,,left_only,,
Wild Wild West,,left_only,,
Willow,Willow,both,,
Win Win,,left_only,,
Wind Chill,Wind Chill,both,,
Withnail and I,Withnail and I,both,,
Witness,Witness,both,,
Wonder Boys,Wonder Boys,both,,
Wonder Woman,,left_only,,
Wonka,,left_only,,
X-Men,X-Men,both,,
X-Men Origins: Wolverine,,left_only,,
Year One,,left_only,,
Yes Man,,left_only,,
You Can Count On Me,You Can Count On Me,both,,
You've Got Mail,You've Got Mail,both,,
Youth in Revolt,,left_only,,
Zebra Girl,,left_only,,
Zero Dark Thirty,,left_only,,
Zerophilia,,left_only,,
Zootopia,Zootopia,both,,
eXistenZ,,left_only,eXistenZ,HTML len = 0 : no content scrapped
xXx,xXx,both,,
,"10,000 B. C. ",right_only,,
,12 And Holding,right_only,,
,12 Angry Men,right_only,,
,13 Days,right_only,,
,13 Ghosts,right_only,,
,1492: Conquest of Paradise:,right_only,,
,15 Minutes ,right_only,,
,16 Blocks,right_only,,
,20th Century Woman,right_only,,
,3 Kings,right_only,,
,3 Kings (Spoils of War),right_only,,
,40 Year Old Virgin,right_only,,
,48 Hours,right_only,,
,531,right_only,,
,8 MM,right_only,,
,8 Mile (aka Untitled Detroit Project),right_only,,
,8 Millimeter,right_only,,
,84 Charlie MoPic,right_only,,
,A Christmas Story,right_only,,
,A Clockwork Orange,right_only,,
,A Dry White Season,right_only,,
,A Good Year,right_only,,
,A Hard Day's Night,right_only,,
,A Last Kiss (filmed as The Last Kiss),right_only,,
,A Nightmare on Elm Street,right_only,,
,A Perfect World,right_only,,
,A Thousand Acres,right_only,,
,A Walk to Remember,right_only,,
,Adventureland,right_only,,
,Airforce One,right_only,,
,Airplane II: The Sequel,right_only,,
,Airplane!,right_only,,
,Alfie,right_only,,
,All The King's Men,right_only,,
,All The President's Men,right_only,,
,American Bullshit (filmed as American Hustle),right_only,,
,An Affair to Remember,right_only,,
,An American Werewolf In London,right_only,,
,An American Werewolf In Paris,right_only,,
,An Officer and a Gentleman,right_only,,
,Analyse That,right_only,,
,Analyse This,right_only,,
,Anatomy of a Murder,right_only,,
,Any Given Sunday,right_only,,
,Apache Drums,right_only,,
,Apocalypse Now: Redux,right_only,,
,Arac Attack (Released as Eight Legged Freaks),right_only,,
,Armstrong (filmed as First Man),right_only,,
,Arrival,right_only,,
,As Good As It Gets ,right_only,,
,Asylum (Batman Vs Superman),right_only,,
,Austin Powers 2: The Spy Who Shagged Me,right_only,,
,Austin Powers: International Man of Mystery,right_only,,
,Autumn In New York,right_only,,
,Bad Day At Black Rock,right_only,,
,Batman 2 (Unproduced),right_only,,
,Beautiful Girls,right_only,,
,Beauty Shop,right_only,,
,Bedlam,right_only,,
,Beetle Juice,right_only,,
,Before Sunset,right_only,,
,Below,right_only,,
,Beowulf,right_only,,
,Beowulf & Grendal,right_only,,
,Big Fish ,right_only,,
,Big Trouble in Little China II,right_only,,
,Birth of a Nation,right_only,,
,Blade Trinity,right_only,,
,Blair Witch II,right_only,,
,Blood Diamond,right_only,,
,Blood Relations The Sun Wars (filmed as The Hills Have Eyes),right_only,,
,Blood Work,right_only,,
,Blue Hotel,right_only,,
,Born on the Fourth of July (part 1),right_only,,
,Born on the Fourth of July (part 2),right_only,,
,Boy Who Never Slept,right_only,,
,Breach (written as Hanssen),right_only,,
,Breakfast At Tiffany's,right_only,,
,Bringing Out The Dead,right_only,,
,Bringing Up Baby,right_only,,
,Brooklyn,right_only,,
,Butch Cassidy and The Sundance Kid,right_only,,
,Call Me By Your Name,right_only,,
,Call Northside 777 (part 1),right_only,,
,Call Northside 777 (part 2),right_only,,
,Calvary,right_only,,
,Captain Phillips (was Maersk Alabama),right_only,,
,Carnivore,right_only,,
,Carol,right_only,,
,Casino Royale,right_only,,
,Children of Men,right_only,,
,Code Of Silence,right_only,,
,Committed (filmed as Crazy Love),right_only,,
,Committed (filmed as Crazylove),right_only,,
,Conan,right_only,,
,Conquest of Paradise: 1492,right_only,,
,Conspiracy Theory,right_only,,
,Cradle to the Grave,right_only,,
,Crash (1996),right_only,,
,Crazy Love (was Committed),right_only,,
,Crazylove (was Committed),right_only,,
,Cross of Iron,right_only,,
,Crow 3: Resurrection,right_only,,
,Curse of the Cat People,right_only,,
,Dances With Wolves,right_only,,
,Dark Angel - Pilot,right_only,,
,Dark City�,right_only,,
,Deliverance,right_only,,
,Demolition Man,right_only,,
,Devil In a Blue Dress,right_only,,
,Doctor Zhivago,right_only,,
,Domino,right_only,,
,Doom,right_only,,
,Downsizing,right_only,,
,Dragon Slayer,right_only,,
,Duchess,right_only,,
,Dunkirk,right_only,,
,Eight Legged Freaks (Originally Titled Arac Attack),right_only,,
,Eight Millimeter,right_only,,
,Eight Scenes from the life of Hank Williams,right_only,,
,El Cantante,right_only,,
,El Laberinto del Fauno,right_only,,
,Elf,right_only,,
,Elizabethtown,right_only,,
,Elle,right_only,,
,Empire of the Sun,right_only,,
,Equity,right_only,,
,Erik The Viking,right_only,,
,Erin Brockovich ,right_only,,
,Eternal Sunshine Of The Spotless Mind,right_only,,
,Even Cowgirls Get The Blues,right_only,,
,FTKMF (First They Killed My Father_,right_only,,
,Face/Off,right_only,,
,Fallen,right_only,,
,Far From The Maddening Crowd,right_only,,
,Fast Times At Ridgemont High,right_only,,
,Fear And Loathing In Las Vegas,right_only,,
,Feast - early draft,right_only,,
,Feast - revised draft,right_only,,
,Fences,right_only,,
,Fifty Violins (filmed as Music of the Heart),right_only,,
,Final Analysis,right_only,,
,First Man (written as Armstrong),right_only,,
,Five Feet and Rising,right_only,,
,Flight Plan,right_only,,
,Forbidden Planet,right_only,,
,Ford Fairlane (The Adventures of Ford Fairlane),right_only,,
,Foundation,right_only,,
,Frankenstein (1994),right_only,,
,Freddy's Dead: The Final Nightmare,right_only,,
,Friday The 13th,right_only,,
,Friday The 13th Part 8: Jason Takes Manhatten,right_only,,
,Friday the 13th Part 10: Jason X,right_only,,
,From Russia With Love,right_only,,
,Frost/Nixon,right_only,,
,Fun With Dick and Jane Part 1,right_only,,
,Fun With Dick and Jane Part 2,right_only,,
,Gateway,right_only,,
,Get Him To The Greek,right_only,,
,Get On Up,right_only,,
,Get Rich or Die Trying (aka Untitled 50 Cent Project),right_only,,
,Giant,right_only,,
,Glengarry Glen Ross,right_only,,
,Glory Road,right_only,,
,Gold,right_only,,
,Goldeneye,right_only,,
,Goldfinger,right_only,,
,Gone Girl,right_only,,
,Gone With The Wind,right_only,,
,Gone in Sixty Seconds,right_only,,
,Good Luck Chuck,right_only,,
,"Good Night, and Good Luck",right_only,,
,Goodfellas ,right_only,,
,Grosse Pointe Blank,right_only,,
,Halloween 6: The Curse of Michael Myers (HALLOWEEN 666: THE ORIGIN OF MICHAEL MYERS),right_only,,
,Halloween: Resurrection,right_only,,
,Hanssen (filmed as Breach),right_only,,
,Happy Campers,right_only,,
,Happy-Go-Lucky,right_only,,
,Hardcore,right_only,,
,Harold and Kumar go to White Castle,right_only,,
,Harold and Maude,right_only,,
,Harry Potter And The Order of the Phoenix,right_only,,
,Havoc 2: Normal Adolescent Behavior,right_only,,
,Hero,right_only,,
,Heros: Genesis,right_only,,
,Hider In The House,right_only,,
,High Noon,right_only,,
,Highlander 4,right_only,,
,Hitchhiker's Guide to the Galaxy,right_only,,
,Hitman,right_only,,
,Hope And Glory,right_only,,
,Hope and Glory,right_only,,
,House Of 1000 Corpses,right_only,,
,House on Haunted Hill,right_only,,
,How To Train Your Dragon 2,right_only,,
,Hustle & Flow,right_only,,
,I Am Legend (Omega Man),right_only,,
,I Saw The Light,right_only,,
,I Think I Love My Wife,right_only,,
,I Walked with a Zombie,right_only,,
,Ides of March,right_only,,
,If Beale Street Could Talk,right_only,,
,Indiana Jones And The Last Crusade,right_only,,
,Indiana Jones and the Raiders Of The Lost Ark,right_only,,
,Inside Man,right_only,,
,Inside Out,right_only,,
,Investigation,right_only,,
,Isle of the Dead,right_only,,
,Jackie,right_only,,
,Jay And Silent Bob Strike Back,right_only,,
,John Q.,right_only,,
,Julieta,right_only,,
,Jurassic Park 2: The Lost World,right_only,,
,Jurassic Park 3,right_only,,
,K-2,right_only,,
,Kate and Leopold,right_only,,
,King Kong (Kong),right_only,,
,"Kiss, Kiss, Bang, Bang (You'll Never Die In This Town Again)",right_only,,
,Kong (King Kong),right_only,,
,Kramer Vs. Kramer,right_only,,
,Lady Bird,right_only,,
,Land of Mine,right_only,,
,Last Flag Flying,right_only,,
,Last Of The Mohicans,right_only,,
,Lawrence of Arabia,right_only,,
,Le Grand bleu,right_only,,
,Legionnaire,right_only,,
,Lethal Weapon II,right_only,,
,Letters To Juliet,right_only,,
,Letters from Iwo Jima,right_only,,
,"Liar, Liar",right_only,,
,Liberty Street (filmed as Life on Liberty Street),right_only,,
,License to Drive,right_only,,
,Life on Liberty Street (was Liberty Street),right_only,,
,Lion,right_only,,
,Little Athens ,right_only,,
,Little Black Book,right_only,,
,Little Children,right_only,,
,Little Miss Sunshine,right_only,,
,Locke,right_only,,
,Long Kiss Goodnight,right_only,,
,Looking For The Man,right_only,,
,Love Actually,right_only,,
,Love and Friendship,right_only,,
,M*A*S*H,right_only,,
,MacBeth,right_only,,
,MacGruber,right_only,,
,Made For Each Other,right_only,,
,Maersk Alabama (filmed as Captain Phillips),right_only,,
,Maggie's Plan,right_only,,
,Man Plus,right_only,,
,Man on Fire,right_only,,
,Mandingo,right_only,,
,Manhunter (Red Dragon),right_only,,
,Maria Full of Grace ,right_only,,
,Maverick,right_only,,
,Max Payne ,right_only,,
,Me and Earl and the Dying Girl,right_only,,
,Mean Girls,right_only,,
,Mean Streets (Season of the Witch),right_only,,
,Memphis Belle,right_only,,
,Men In Black,right_only,,
,Men In Black 3,right_only,,
,Midnight Run,right_only,,
,Mighty Morphin Power Rangers,right_only,,
,Miles Ahead,right_only,,
,Mississippi Grind,right_only,,
,Mistress America,right_only,,
,Mobsters,right_only,,
,Moonlight,right_only,,
,Mr. Blandings Builds His Dream House,right_only,,
,Mr. Deeds Goes to Town,right_only,,
,Mr. Smith Goes To Washington,right_only,,
,Mr. Smith Goes to Washington,right_only,,
,Munich,right_only,,
,Music of the Heart (Fifty Violins),right_only,,
,My Mother Dreams The Satan's Disciples in New York,right_only,,
,Naked City,right_only,,
,Near Dark,right_only,,
,New Nightmare,right_only,,
,Nightcrawler,right_only,,
,"Nightmare On Elm Street, A",right_only,,
,Nightmare on Elm Street 4: Dream Master,right_only,,
,Nightmare on Elm Street 5: Dream Child,right_only,,
,Nightmare on Elm Street 6: Freddy's Dead: The Final Nightmare,right_only,,
,Nightmare on Elm Street 7: Wes Craven's New Nightmare,right_only,,
,Nixon,right_only,,
,No Country For Old Men (Shooting),right_only,,
,Noah,right_only,,
,Normal Adolescent Behavior,right_only,,
,North By Northwest,right_only,,
,"O Brother, Where Art Thou?",right_only,,
,"Officer And A Gentleman, An",right_only,,
,Okja,right_only,,
,On The Waterfront,right_only,,
,Once Upon A Time In America,right_only,,
,One Eight Seven,right_only,,
,One Flew Over The Cuckoo's Nest,right_only,,
,One Saliva Bubble,right_only,,
,Only Angels Have Wings,right_only,,
,Out Of Time,right_only,,
,Out of Africa,right_only,,
,PI,right_only,,
,Pacific Rim,right_only,,
,Pan's Labyrinth,right_only,,
,Panther,right_only,,
,Paper Moon,right_only,,
,Planet of the Apes,right_only,,
,"Planet of the Apes, 2001",right_only,,
,Playback,right_only,,
,Poltergeist,right_only,,
,Popeye,right_only,,
,Portrait of Jennie,right_only,,
,Possession,right_only,,
,Pray For Dawn,right_only,,
,Prisoners,right_only,,
,Punch Drunk Love,right_only,,
,Quebecois!,right_only,,
,Quills,right_only,,
,Rabid,right_only,,
,Raiders Of The Lost Ark: Indiana Jones,right_only,,
,Rails & Ties,right_only,,
,Rambo: First Blood Part II,right_only,,
,Remember,right_only,,
,Resident Evil - Romero - Unproduced,right_only,,
,Return to Me,right_only,,
,Ride the High Country,right_only,,
,"Robin Hood, The Prince of Thieves",right_only,,
,Rock & Rule,right_only,,
,Rocky Balboa (Rocky (Puncher's Chance)),right_only,,
,Room With A View,right_only,,
,Rough Diamonds (filmed as Wild Things: Diamonds in the Rough),right_only,,
,S.W.A.T.,right_only,,
,Saboteur,right_only,,
,Season of the Witch (Mean Streets),right_only,,
,Second Act,right_only,,
,Secret Window,right_only,,
,Semi Pro,right_only,,
,Sense And Sensibility,right_only,,
,Seven,right_only,,
,"Sex, Lies and Videotapes",right_only,,
,"Sex, Lies, And Videotape",right_only,,
,Sgt. Rock,right_only,,
,Silence,right_only,,
,Silverado,right_only,,
,Sing Street,right_only,,
,Singin' in the Rain,right_only,,
,Slash,right_only,,
,SliTHER,right_only,,
,Slow West,right_only,,
,Smokey and the Bandit,right_only,,
,So I Married An Axe Murderer,right_only,,
,Some Like It Hot,right_only,,
,"Something Borrowed (filmed as ""The Wedding Date"")",right_only,,
,Somewhere,right_only,,
,Somewhere In Time (Bid Time Return),right_only,,
,"Sorry, Right Number",right_only,,
,"South Park: Bigger, Longer, Uncut",right_only,,
,Space Cowboys,right_only,,
,Spider-man,right_only,,
,St. Vincent (de Van Nuys),right_only,,
,Stagecoach,right_only,,
,Stalag 17,right_only,,
,Star Trek 01: The Motion Picture,right_only,,
,Star Trek 02: The Wrath Of Khan,right_only,,
,Star Trek 07: Generations,right_only,,
,Star Trek 08: First Contact,right_only,,
,Star Trek 10: Nemesis,right_only,,
,State And Main,right_only,,
,Station,right_only,,
,Stolen Summer,right_only,,
,Stone My Heart,right_only,,
,Stranger Than Fiction,right_only,,
,Stuart Little 2,right_only,,
,Sully,right_only,,
,Summer of 84,right_only,,
,SuperFights,right_only,,
,Superman,right_only,,
,Sweet November,right_only,,
,THX 1138,right_only,,
,Tall In The Saddle,right_only,,
,Tarzan's Secret Treasure,right_only,,
,Tender Mercies,right_only,,
,The 5th Element,right_only,,
,The 9th Gate,right_only,,
,The Adventures of Ford Fairlane (Ford Fairlane ),right_only,,
,The African Queen,right_only,,
,The Big Easy,right_only,,
,The Big Sleep,right_only,,
,The Bijou,right_only,,
,The Body Snatcher,right_only,,
,The Bodyguard,right_only,,
,The Boy Next Door,right_only,,
,The Bucket List,right_only,,
,The Butler,right_only,,
,The Cable Guy,right_only,,
,The Cat People,right_only,,
,"The Chronicles of Narnia: The Lion, the Witch and the Wardrobe (formerly The Hundred Year Winter)",right_only,,
,The Comedian,right_only,,
,The Corruptor,right_only,,
,The Crowded Room,right_only,,
,The Crying Game,right_only,,
,The Day The Earth Stood Still,right_only,,
,The Devil's Advocate,right_only,,
,The Disaster Artist,right_only,,
,The Diving Bell and the Butterfly (Le Scaphandre et le papillon),right_only,,
,The Doors of Perception,right_only,,
,The Dragons of Krull,right_only,,
,The Egyptian,right_only,,
,The Electric Horseman,right_only,,
,The End of the Tour,right_only,,
,The Fact of Murder,right_only,,
,The Faculty (a.k.a The Feelers),right_only,,
,The Fantastic Four,right_only,,
,The Fault in our Stars,right_only,,
,The Fisher King,right_only,,
,The Florida Project,right_only,,
,The Founder,right_only,,
,The Fugitive ,right_only,,
,The Godfather,right_only,,
,The Godfather Part 2,right_only,,
,The Goonies,right_only,,
,The Grand Budapest Hotel,right_only,,
,The Great Train Robbery,right_only,,
,"The Greatest Muppet Movie of All Time (filmed as ""The Muppets"")",right_only,,
,The Hateful Eight,right_only,,
,The Haunting (The Haunting of Hill House),right_only,,
,The Haunting of Hill House (The Haunting),right_only,,
,The Hills Have Eyes (was Blood Relations The Sun Wars),right_only,,
,The Hindenberg,right_only,,
,The Hitcher,right_only,,
,The Hollars,right_only,,
,The Horse Wisperer,right_only,,
,The Hulk,right_only,,
,"The Hundred Year Winter (filmed as The Chronicles of Narnia: The Lion, the Witch and the Wardrobe)",right_only,,
,The Hunt For Red October,right_only,,
,The Hustler,right_only,,
,The Island of Dr. Moreau,right_only,,
,The Jackie Robinson Story,right_only,,
,The Jolson Story,right_only,,
,The Kingdom ,right_only,,
,The Kingdom of Heaven,right_only,,
,The Last Temptation of Christ,right_only,,
,The Leopard Man,right_only,,
,The Life and Death of Colonel Blimp,right_only,,
,The Lion In Winter,right_only,,
,The Long Goodbye,right_only,,
,The Lookout,right_only,,
,The Lord of the Rings: The Return of the King,right_only,,
,The Lost Boys,right_only,,
,The Lost City of Z,right_only,,
,The Lost Weekend,right_only,,
,The Lovely Bones,right_only,,
,The Maltese Falcon,right_only,,
,The Meddler,right_only,,
,The Meyerowitz Stories (New and Selected),right_only,,
,The Mirror Has Two Faces,right_only,,
,The Mummy (1999),right_only,,
,The Muppets (written as The Greatest Muppet Movie of All Time),right_only,,
,The Night of the Hunter,right_only,,
,The Number 23,right_only,,
,The Omen,right_only,,
,The Parallax View,right_only,,
,The Perfect Neighbor (was The Perfect Stranger),right_only,,
,"The Perfect Stranger (filmed as ""The Perfect Neighbor"")",right_only,,
,The Ploughman's Lunch,right_only,,
,The Post,right_only,,
,The Private Life of Sherlock Homes,right_only,,
,The Producers,right_only,,
,The Public Eye,right_only,,
,The Red Turtle,right_only,,
,The Royal Tenenbaums,right_only,,
,The Rules of Attraction,right_only,,
,The Seventh Victim,right_only,,
,The Silence Of The Lambs,right_only,,
,The Spectacular Now,right_only,,
,The Spirit of St. Louis,right_only,,
,The Stunt Man,right_only,,
,The Thin Man,right_only,,
,The Third Man,right_only,,
,The Utah Murder Project,right_only,,
,"The Village (originally ""The Woods"")",right_only,,
,The Wedding Crashers,right_only,,
,"The Wedding Date (was ""Something Borrowed"")",right_only,,
,The Wild One,right_only,,
,The Witches of Eastwick,right_only,,
,The X-Files Movie,right_only,,
,The Year of Living Dangerously,right_only,,
,The Zero Theorem,right_only,,
,Thief,right_only,,
,Thir13en Ghosts,right_only,,
,Thirteen Ghosts,right_only,,
,Three Thousand (filmed as Pretty Woman),right_only,,
,To Kill a Mockingbird,right_only,,
,To Sleep With Anger,right_only,,
,Toni Erdmann,right_only,,
,Tootsie,right_only,,
,Trainwreck,right_only,,
,True Believer,right_only,,
,True Crime,right_only,,
,Twelve Monkeys,right_only,,
,Twin Peaks: Fire Walk With Me,right_only,,
,U Turn (Stray Dogs),right_only,,
,Unbroken,right_only,,
,Untitled 50 Cent Project (filmed as Get Rich Or Die Trying),right_only,,
,Untraceable,right_only,,
,Vantage Point,right_only,,
,Vicky Cristina Barcelona,right_only,,
,Wes Craven's New Nightmare,right_only,,
,What to Expect When You're Expecting,right_only,,
,When A Stranger Calls,right_only,,
,While We're Young,right_only,,
,Who Framed Roger Rabbit? (Who Shot Roger Rabbit?),right_only,,
,Wild Things: Diamonds in the Rough (was Rough Diamonds),right_only,,
,"Wild, Wild West",right_only,,
,Woman In Gold,right_only,,
,Wonderstruck,right_only,,
,Wreck It Ralph,right_only,,
,"You'll Never Die In This Town Again (Kiss, Kiss, Bang, Bang)",right_only,,
,Youth,right_only,,
,Youth In Revolt,right_only,,
,boy who never slept,right_only,,
,mother!,right_only,,
,no info,right_only,,
,the last reveal,right_only,,
,the weinstein company,right_only,,
,visualizing planet of the apes,right_only,,
,wikipedia,right_only,,
